property_name,0
1 bedok south avenue 1,1
1 canberra,15
1 lorong lew lian,6
1 pine close,3
10 evelyn,100
10 pine close,4
10 shelford,4
101 gangsa road,1
101 simei street 1,1
101 tampines street 11,1
101 teck whye lane,1
101b punggol field,2
102 lengkong tiga,1
102 simei street 1,1
102 teck whye lane,1
102c punggol field,1
103c edgefield plains,11
104 lengkong tiga,1
104 teck whye lane,1
104a edgefield plains,1
105 henderson crescent,2
105 teck whye lane,1
105a edgefield plains,1
105b edgefield plains,1
106 lengkong tiga,1
106 tampines street 11,2
106a punggol field,1
107 aljunied crescent,1
107 gangsa road,2
107b edgefield plains,1
107d edgefield plains,1
109 lengkong tiga,1
109 tampines street 11,1
109c edgedale plains,2
109d edgedale plains,1
10d bedok south avenue 2,1
10f bedok south avenue 2,1
11 joo chiat place,3
11 pine close,3
110 gangsa road,1
110 lengkong tiga,1
110 tampines street 11,1
110a punggol field,1
110b punggol field,1
110c punggol field,1
110d punggol field,4
111 ho ching road,1
112 lengkong tiga,6
112 simei street 1,6
112 teck whye lane,1
113 pending road,3
113 simei street 1,1
113 tao ching road,1
113 teck whye lane,4
114 edgefield plains,2
114 ho ching road,1
114 teck whye lane,1
115 bedok north road,1
115 edgefield plains,2
115 ho ching road,1
116 bedok north road,2
116 edgefield plains,1
116 lengkong tiga,1
116 teck whye lane,1
118 edgefield plains,1
118 teck whye lane,1
12 kampong arang road,1
120 grange,1
120 ho ching road,3
120 paya lebar way,2
120 simei street 1,1
121 bedok north road,1
121 collection on whitley,2
121 teck whye lane,1
122 bishan street 12,4
122 simei street 1,1
122 yuan ching road,1
123 bishan street 12,1
123 paya lebar way,2
125 aljunied road,1
126 aljunied road,1
126 bedok north street 2,1
126 serangoon north avenue 1,1
126 simei street 1,3
126c edgedale plains,2
126d edgedale plains,1
127 tampines street 11,3
127 yishun street 11,8
129 bedok north street 2,7
129 pending road,1
129 yishun street 11,2
13 crane road,14
130 choa chu kang avenue 1,2
130 edgedale plains,1
130 yishun street 11,4
131 bedok north avenue 3,1
131 bishan street 12,1
131 choa chu kang avenue 1,2
131 simei street 1,1
133 bedok north avenue 3,1
133 cashew road,1
133 edgedale plains,3
133 simei street 1,1
133 teck whye lane,1
133 yishun street 11,1
134 bedok north street 2,1
134 simei street 1,3
134 teck whye lane,1
135 bedok north street 2,1
135 simei street 1,3
135 yishun street 11,1
136 simei street 1,2
136 yishun ring road,1
137 yishun ring road,1
138 bedok north street 2,2
138 edgedale plains,1
139 bedok north avenue 3,1
139 petir road,1
14 bedok south avenue 2,1
14 eunos crescent,2
140 tampines street 12,2
141 tampines street 12,1
141 teck whye lane,1
142 tampines street 12,1
145 tampines street 12,1
146 gangsa road,2
146 tampines avenue 5,1
147 tampines avenue 5,1
148 gangsa road,2
149 simei street 1,2
149 tampines street 12,3
149 yishun street 11,2
15 bedok south road,2
15 holland hill,49
150 petir road,1
150 simei street 1,3
150 yishun street 11,1
151 jalan teck whye,1
151 petir road,2
151 yung ho road,1
152 gangsa road,2
152 yung ho road,3
153 bishan street 13,2
153 simei street 1,1
153 yishun street 11,1
154 jalan teck whye,2
154 yung ho road,2
155 gangsa road,9
156 bishan street 13,3
156 jalan teck whye,1
156 tampines street 12,2
157 bishan street 13,1
157 jalan teck whye,1
158 bishan street 13,1
158 jalan teck whye,2
159 bishan street 13,1
159 jalan teck whye,3
160 tampines street 12,1
160a punggol central,1
161 tampines street 12,2
161 yishun street 11,2
161b punggol central,2
162 bishan street 13,1
162 jalan teck whye,1
162 simei road,1
162a punggol central,2
163 jalan teck whye,1
163a punggol central,1
164 bishan street 13,1
164 gangsa road,2
164 jalan teck whye,2
164 tampines street 12,1
165 bishan street 13,1
165 gangsa road,1
165b punggol central,2
166 bishan street 13,1
166 yishun ring road,7
167 bishan street 13,9
167 petir road,1
167 yishun ring road,1
170 bishan street 13,2
170 yishun avenue 7,3
171 gangsa road,2
171b edgedale plains,1
172 bishan street 13,1
172 gangsa road,1
172 yishun avenue 7,3
172a edgedale plains,1
172b edgedale plains,1
173 yishun avenue 7,1
173a punggol field,2
173d punggol field,4
174c edgedale plains,1
174d edgedale plains,1
175 lompang road,2
175a punggol field,2
175a yung kuang road,1
176 bishan street 13,1
176 lompang road,1
176a edgefield plains,1
176b edgefield plains,1
177 bishan street 13,3
178 bishan street 13,1
178 edgefield plains,2
179 bishan street 13,4
18 bedok south road,3
18 eunos crescent,1
18 jalan tenteram,1
18 marsiling lane,1
18 woodsville,4
181 edgefield plains,3
181 jelebu road,1
182 edgefield plains,1
183 edgefield plains,3
183 jelebu road,3
183 longhaus,2
184 jelebu road,2
185 bishan street 13,1
185 jelebu road,1
186 punggol central,2
187 punggol central,1
188 punggol central,2
19 jalan tenteram,1
19 marsiling lane,5
19 nassim,15
191 punggol central,1
1919,2
1953,126
196b punggol field,1
196c punggol field,1
196d punggol field,3
197b punggol field,2
199b punggol field,1
199c punggol field,1
199d punggol field,2
2 lorong lew lian,1
2 tanjong pagar plaza,2
20 bedok walk,1
201 serangoon central,4
201d tampines street 21,1
202 choa chu kang avenue 1,2
202 tampines street 21,1
203 serangoon central,2
203 tampines street 21,1
203a punggol field,1
204 bishan street 23,1
204 choa chu kang avenue 1,1
204 serangoon central,3
204 tampines street 21,3
204 yishun street 21,1
204b punggol field,1
204d punggol field,1
205a punggol field,1
206 bishan street 23,1
206 choa chu kang central,9
206 clementi avenue 6,1
206 serangoon central,1
206 tampines street 21,1
207 petir road,1
208a clementi avenue 6,5
208b clementi avenue 6,1
209 bishan street 23,1
21 andrews terrace,1
210 serangoon central,1
210 tampines street 23,1
211 bishan street 23,1
212 bishan street 23,4
213 choa chu kang central,2
214 yishun street 21,2
215 bishan street 23,3
215 serangoon avenue 4,9
215 tampines street 23,1
217 choa chu kang central,1
217 tampines street 23,1
218 choa chu kang central,2
218 serangoon avenue 4,3
218 tampines street 24,2
219 bishan street 23,4
22 bedok south avenue 1,2
220 bishan street 23,1
220 choa chu kang central,2
221 bishan street 23,1
221 choa chu kang central,1
222 serangoon avenue 4,4
223 simei street 4,2
223 tampines street 24,1
224 choa chu kang central,1
225 choa chu kang central,1
225 pending road,1
226 bishan street 23,1
227 pending road,1
228 pending road,2
228 tampines street 23,1
228 yishun street 21,1
230 bishan street 23,1
230 simei street 4,2
230 yishun street 21,1
231 bishan street 23,2
231 choa chu kang central,1
231 pending road,2
231 tampines street 21,1
232 serangoon avenue 3,1
232 yishun street 21,3
233 yishun street 21,2
234 simei street 4,1
235 bukit panjang ring road,1
236 choa chu kang central,1
236 serangoon avenue 3,2
236 tampines street 21,1
236a serangoon avenue 2,1
237 bukit panjang ring road,1
237 yishun ring road,1
239 bishan street 22,1
239 bukit panjang ring road,9
239 choa chu kang central,1
239 serangoon avenue 2,2
240 yishun ring road,3
241 bishan street 22,1
241 yishun ring road,1
242 tampines street 21,1
242 yishun ring road,8
243 serangoon avenue 2,2
244 bukit panjang ring road,1
245 bishan street 22,1
245 tampines street 21,3
246 bishan street 22,2
247 tampines street 21,3
248 choa chu kang avenue 2,1
248 tampines street 21,10
249 tampines street 21,1
25 eunos crescent,1
25 sin ming road,6
250 bangkit road,2
250 choa chu kang avenue 2,1
251 choa chu kang avenue 2,1
251 tampines street 21,1
252 bishan street 22,1
252 tampines street 21,1
254 bangkit road,5
254 bishan street 22,1
254 choa chu kang avenue 2,1
254 tampines street 21,2
255 tampines street 21,1
256 bishan street 22,2
257 bishan street 22,2
257 tampines street 21,1
258 yishun street 22,6
26 newton,26
260 tampines street 21,1
262 tampines street 21,1
263 onan road,3
263 tampines street 21,4
264 bishan street 24,1
264 tampines street 21,2
265 bishan street 24,2
265 outram road,1
265 tampines street 21,6
266 bishan street 24,3
266 yishun street 22,2
269 bishan street 24,1
26a pasir ris way,10
26b pasir ris way,9
27 new upper changi road,5
270 yishun street 22,1
271 bishan street 24,7
271 queen street,4
271 tampines street 21,3
271a jurong west street 24,1
271c jurong west street 24,2
272 bishan street 24,1
272 choa chu kang avenue 2,5
272 tampines street 22,1
272 yishun street 22,1
273 bangkit road,1
273 choa chu kang avenue 2,2
273 tampines street 22,1
274 yishun street 22,1
275 choa chu kang avenue 2,1
275 tampines street 22,2
276 choa chu kang avenue 2,1
276 tampines street 22,2
277 bangkit road,2
277 yishun street 22,3
278 bishan street 24,1
279 tampines street 22,1
28 cassia crescent,7
28 imperial residences,3
28 rc suites / 28 rc suites,2
280 choa chu kang avenue 3,3
280 yishun street 22,1
281 choa chu kang avenue 3,1
282 tampines street 22,2
283 choa chu kang avenue 3,1
283 studio,1
283 tampines street 22,1
285 bishan street 22,1
285 choa chu kang avenue 3,3
285 tampines street 22,1
286 tampines street 22,3
287 choa chu kang avenue 2,1
288 choa chu kang avenue 3,1
288 yishun avenue 6,4
289 yishun avenue 6,2
29 new upper changi road,2
291 choa chu kang avenue 3,2
291 tampines street 22,2
292 tampines street 22,3
293 tampines street 22,6
293 yishun street 22,2
294 choa chu kang avenue 2,3
294 tampines street 22,2
295 choa chu kang avenue 2,1
295 lorong chuan,25
295 tampines street 22,1
296 choa chu kang avenue 2,1
296 yishun street 20,1
296a choa chu kang avenue 2,2
296b choa chu kang avenue 2,1
296e choa chu kang avenue 2,2
297d choa chu kang avenue 2,1
298 tampines street 22,1
299 yishun street 20,1
3 cuscaden,4
3 joo chiat road,1
3 orchard by-the-park,24
3 pine close,1
30 paya lebar crescent,4
300 canberra road,4
302 ubi avenue 1,1
302 yishun central,2
303 yishun central,1
304 canberra road,2
304 yishun central,2
305 canberra road,1
305 ubi avenue 1,1
305 yishun central,6
306 yishun central,1
308 choa chu kang avenue 4,2
308 serangoon avenue 2,1
308 yishun ring road,1
309 yishun ring road,1
310 canberra road,1
310 tampines street 32,1
310b punggol walk,15
311 tampines street 33,1
312 sembawang drive,1
316 hougang avenue 7,1
318 sembawang vista,5
319 sembawang close,1
319 tampines street 33,1
32 bedok south avenue 2,2
32 cassia crescent,3
320 sembawang close,1
320 yishun central,2
321 tah ching road,2
322 tah ching road,1
322 tampines street 33,4
322 yishun central,3
324 tampines street 32,1
325 tampines street 32,1
325 yishun central,3
326 clementi avenue 5,2
326 yishun ring road,1
327 clementi avenue 5,1
327 sembawang crescent,1
327 tah ching road,1
329 clementi avenue 2,2
329 yishun ring road,1
33 bedok south avenue 2,1
33 residences,1
330 clementi avenue 2,1
330 tampines street 32,1
330 yishun ring road,1
331 clementi avenue 2,2
332 clementi avenue 2,2
332 sembawang close,1
332 yishun ring road,1
333 kang ching road,3
333 sembawang close,1
334 kreta ayer road,3
334 sembawang close,1
334 yishun street 31,1
335 clementi avenue 2,2
336 tah ching road,1
336 tampines street 32,1
337a tah ching road,1
337d tah ching road,1
339c kang ching road,1
34 upper cross street,3
342 choa chu kang loop,4
342 tampines street 33,1
343 tampines street 33,1
343 yishun avenue 11,2
345 clementi avenue 5,3
346 choa chu kang loop,1
346 clementi avenue 5,1
346 yishun avenue 11,4
347 tampines street 33,12
348 clementi avenue 5,1
349 tampines street 33,1
35 gilstead,57
351 clementi avenue 2,1
351 yishun avenue 11,1
351b canberra road,1
352 yishun ring road,2
352b canberra road,1
353 kang ching road,2
353a admiralty drive,1
354 choa chu kang central,2
354 kang ching road,1
354b admiralty drive,1
354c admiralty drive,1
355 choa chu kang central,1
355 tampines street 33,5
356 tampines street 33,2
356 yishun ring road,6
357 tampines street 33,2
357 yishun ring road,1
359 tampines street 34,1
359 yishun ring road,5
360 yishun ring road,2
361 tampines street 34,3
364 tampines street 34,2
365 clementi avenue 2,1
366 tampines street 34,3
367 clementi avenue 2,1
367 tampines street 34,3
368 tampines street 34,1
368 thomson,5
371 clementi avenue 4,1
372 clementi avenue 4,1
374 clementi avenue 4,1
375 clementi avenue 4,2
376 clementi avenue 4,1
377 clementi avenue 5,1
378 clementi avenue 5,1
38 draycott drive,2
38 i suites,1
38 jervois,1
381 clementi avenue 5,2
382 tampines street 32,2
383 bukit batok west avenue 5,3
384 bukit batok west avenue 5,1
386 bukit batok west avenue 5,1
387 yishun ring road,5
390 tampines avenue 7,1
392 yishun avenue 6,2
393 yishun avenue 6,2
394 yishun avenue 6,2
395 yishun ring road,2
396 yishun avenue 6,3
398 yishun ring road,1
399 yishun avenue 6,4
3bhc,5
4 joo chiat road,1
4 sago lane,1
4 tanjong pagar plaza,1
40 sims drive,1
401 yishun avenue 6,2
402 fajar road,1
403 fajar road,1
404 admiralty link,1
404 choa chu kang avenue 3,5
404 yishun avenue 6,2
405 yishun avenue 6,4
406 fajar road,1
406 hougang avenue 10,1
407 fajar road,2
407 hougang avenue 10,2
407 sembawang drive,2
408 yishun avenue 6,6
409 yishun ring road,3
410 bedok north avenue 2,1
410 commonwealth avenue west,2
410 jurong west street 42,3
410 sembawang drive,3
411 choa chu kang avenue 3,3
411 commonwealth avenue west,1
411 eunos road 5,1
411 sembawang drive,1
411 yishun ring road,1
412 bedok north avenue 2,1
412 choa chu kang avenue 3,1
412 yishun ring road,1
413 bedok north avenue 2,1
413 commonwealth avenue west,1
413 saujana road,1
413 sembawang drive,1
414 commonwealth avenue west,3
414 jurong west street 42,1
415 commonwealth avenue west,1
415 saujana road,1
415 yishun avenue 11,1
416 jurong west street 42,1
417 eunos road 5,17
417 fajar road,2
417 jurong west street 42,3
419 fajar road,2
419 yishun avenue 11,3
42 sims drive,2
421 choa chu kang avenue 4,1
422 canberra road,3
422 choa chu kang avenue 4,1
422 fajar road,1
422 jurong west street 42,1
423 yishun avenue 11,1
425 jurong west avenue 1,2
426 clementi avenue 3,1
426 jurong west avenue 1,1
427 clementi avenue 3,2
428 clementi avenue 3,3
429 clementi avenue 3,1
430 bukit panjang ring road,3
430 jurong west avenue 1,1
431 clementi avenue 3,5
431 jurong west avenue 1,2
432 choa chu kang avenue 4,1
432 clementi avenue 3,2
432 jurong west street 42,2
432 tampines street 41,4
433 choa chu kang avenue 4,2
433 clementi avenue 3,1
433 yishun avenue 6,1
434 bukit panjang ring road,1
434 tampines street 43,1
435 choa chu kang avenue 4,16
435 clementi avenue 3,1
436 fajar road,2
437 jurong west avenue 1,2
437 yishun avenue 6,3
438 tampines street 43,1
439 fajar road,1
441 jurong west avenue 1,1
441b clementi avenue 3,1
442 choa chu kang avenue 4,2
443 tampines street 43,1
444 jurong west avenue 1,1
445 choa chu kang avenue 4,2
445 tampines street 42,4
446 tampines street 42,2
447 choa chu kang avenue 4,1
447 jurong west street 42,2
448 choa chu kang avenue 4,2
449 bukit panjang ring road,1
449 jurong west street 42,1
449 tampines street 42,1
450 bukit panjang ring road,1
450a tampines street 42,1
451 choa chu kang avenue 4,1
451 fajar road,2
453 choa chu kang avenue 4,1
453 fajar road,4
454 choa chu kang avenue 4,3
458 jurong west street 41,1
459 choa chu kang avenue 4,1
46 bendemeer road,2
460 choa chu kang avenue 4,1
460 tampines street 42,2
461 choa chu kang avenue 4,2
461 hougang avenue 10,1
461 jurong west street 41,2
462 choa chu kang avenue 4,1
465 choa chu kang avenue 4,1
466a sembawang drive,1
466b sembawang drive,2
466c sembawang drive,1
470 sembawang drive,1
471 choa chu kang avenue 3,1
472 sembawang drive,3
473 choa chu kang avenue 3,1
477 sembawang drive,2
479 sembawang drive,9
48 bendemeer road,3
480 sembawang drive,2
483 tampines street 43,1
484 admiralty link,1
484b choa chu kang avenue 5,2
484c choa chu kang avenue 5,1
484d choa chu kang avenue 5,4
485 admiralty link,1
485 choa chu kang avenue 5,1
485a choa chu kang avenue 5,2
485b choa chu kang avenue 5,1
485c choa chu kang avenue 5,1
485d choa chu kang avenue 5,1
486a tampines avenue 9,2
487b tampines street 45,1
489b tampines street 45,2
489c tampines street 45,1
490b tampines street 45,1
491d tampines street 45,1
492c tampines street 45,1
494b tampines avenue 9,2
495c tampines street 43,1
495d tampines street 43,1
495e tampines street 43,1
495f tampines street 43,1
496d tampines avenue 9,1
497c tampines street 45,1
497f tampines street 45,3
498a tampines street 45,2
498b tampines street 45,7
498j tampines street 45,1
498l tampines street 45,1
5 pine close,2
5 tanjong pagar plaza,1
500 serangoon north avenue 4,1
501 bishan street 11,12
501 choa chu kang street 51,1
502 serangoon north avenue 4,3
504 choa chu kang street 51,1
505 serangoon north avenue 4,1
506 jelapang road,2
507 jelapang road,1
507 serangoon north avenue 4,2
51 new upper changi road,1
510 jelapang road,1
511 choa chu kang street 51,1
511 jelapang road,1
512 serangoon north avenue 4,3
514 choa chu kang street 51,2
515 jurong west street 52,3
516 choa chu kang street 51,1
516 jurong west street 52,1
516 serangoon north avenue 4,6
517 serangoon north avenue 4,1
518 jurong west street 52,1
519 serangoon north avenue 4,3
52 new upper changi road,1
520 bedok north avenue 1,1
520 serangoon north avenue 4,2
521 jurong west street 52,1
523 choa chu kang street 51,8
524 jurong west street 52,1
524 serangoon north avenue 4,1
525 bedok north street 3,2
525 choa chu kang street 51,5
525 jurong west street 52,1
525 serangoon north avenue 4,3
526 choa chu kang street 51,4
528 bedok north street 3,3
528 jurong west street 52,1
529 choa chu kang street 51,1
529 jurong west street 52,2
53 chin swee road,3
530 bedok north street 3,2
530 pasir ris drive 1,1
531 bedok north street 3,1
532 bedok north street 3,2
533 bedok north street 3,1
533 upper cross street,3
534 serangoon north avenue 4,1
535 bedok north street 3,3
535 jurong west street 52,2
535 serangoon north avenue 4,1
536 bedok north street 3,2
536 jurong west street 52,4
536 upper cross street,1
537 bukit panjang ring road,1
537 serangoon north avenue 4,1
538 upper cross street,4
539 bedok north street 3,1
539 bukit panjang ring road,1
539 serangoon north avenue 4,1
54 cassia crescent,1
54 new upper changi road,1
54 pipit road,1
540 jurong west avenue 1,1
541 bukit panjang ring road,3
544 choa chu kang street 52,2
544 jurong west street 42,1
546 serangoon north avenue 3,1
547 serangoon north avenue 3,1
548 jurong west street 42,2
549 choa chu kang street 52,1
549 jurong west street 42,2
55 new upper changi road,1
550 bedok north avenue 1,2
550 jurong west street 42,4
551 jurong west street 42,2
551 serangoon north avenue 3,1
552 bedok north avenue 1,3
552 choa chu kang street 52,1
552 jurong west street 42,1
553 bedok north avenue 1,4
553 choa chu kang north 6,1
553 jurong west street 42,1
554 choa chu kang north 6,2
556 choa chu kang north 6,1
556 jurong west street 42,6
558 jurong west street 42,2
56 cassia crescent,2
561 choa chu kang north 6,1
563 choa chu kang street 52,1
566 choa chu kang street 52,2
567 choa chu kang street 52,2
591 ang mo kio street 51,1
6 derbyshire,5
601 choa chu kang street 62,2
602 choa chu kang street 62,2
602 jurong west street 62,1
602 senja road,1
603 choa chu kang street 62,1
604 clementi west street 1,1
605 choa chu kang street 62,1
605 clementi west street 1,9
605 senja road,7
606 clementi west street 1,2
606 senja road,1
607 clementi west street 1,1
607 senja road,1
608 clementi west street 1,1
608 jurong west street 65,1
608 senja road,1
61 new upper changi road,2
610 choa chu kang street 62,1
610 clementi west street 1,1
612 choa chu kang street 62,3
612 jurong west street 65,1
613 yishun street 61,1
613b bedok reservoir road,1
614 yishun street 61,1
615 bukit panjang ring road,5
616 senja road,1
617 bukit panjang ring road,1
617 yishun ring road,1
619 jurong west street 65,1
61b strathmore avenue,1
620 jurong west street 65,1
621 jurong west street 65,2
621 senja road,2
622 yishun ring road,2
623 senja road,4
624 jurong west street 61,1
624 senja road,1
625 senja road,3
626 jurong west street 65,2
626 senja road,1
627 jurong west street 65,1
627 senja road,2
627 yishun street 61,1
628 jurong west street 65,1
629 jurong west street 65,1
629 senja road,2
62a strathmore avenue,5
630 senja road,3
630 yishun street 61,1
631 choa chu kang north 6,1
631 jurong west street 65,1
631 senja road,6
631 yishun street 61,1
632 yishun street 61,1
633 choa chu kang north 6,1
633 jurong west street 65,3
633 yishun street 61,2
634 yishun street 61,3
635 choa chu kang north 6,1
635 jurong west street 65,1
636 jurong west street 65,4
639 choa chu kang street 64,1
639 yishun street 61,1
64 new upper changi road,1
640 choa chu kang street 64,1
641 choa chu kang street 64,1
641 yishun street 61,3
642 jurong west street 61,1
642 yishun street 61,1
643 choa chu kang street 64,3
643 yishun street 61,13
645 yishun street 61,2
646 yishun street 61,3
647 jurong west street 61,1
648d jurong west street 61,1
65 new upper changi road,1
650 senja link,2
650a jurong west street 61,1
650b jurong west street 61,2
651 senja link,3
652 senja link,4
652b jurong west street 61,1
653 senja link,2
653a jurong west street 61,1
653c jurong west street 61,1
654 senja road,3
654a jurong west street 61,2
655 senja road,3
655a jurong west street 61,2
656 senja road,2
656c jurong west street 61,1
657b jurong west street 65,2
658a jurong west street 65,1
658b jurong west street 65,1
658d jurong west street 65,2
659 choa chu kang crescent,3
659a jurong west street 65,1
659b jurong west street 65,2
660a jurong west street 64,2
661 choa chu kang crescent,1
661a jurong west street 64,2
662 choa chu kang crescent,2
662 yishun avenue 4,2
662b jurong west street 64,1
662c jurong west street 64,1
663 choa chu kang crescent,1
663c jurong west street 65,1
664 yishun avenue 4,3
664b jurong west street 64,1
665 yishun avenue 4,1
666 yishun avenue 4,1
666b jurong west street 65,1
667 choa chu kang crescent,1
667a jurong west street 65,1
667c jurong west street 65,1
668 chander road,2
668c jurong west street 64,1
668d jurong west street 64,1
669 choa chu kang crescent,1
669d jurong west street 64,3
671a choa chu kang crescent,4
671a klang lane,2
671b jurong west street 65,2
671c jurong west street 65,6
672a jurong west street 65,2
672a klang lane,1
673c jurong west street 65,2
676a choa chu kang crescent,1
677 yishun ring road,3
678 choa chu kang crescent,1
679 choa chu kang crescent,3
679b jurong west central 1,1
679c jurong west central 1,1
680 choa chu kang crescent,2
680c jurong west central 1,2
681 choa chu kang crescent,1
681a jurong west central 1,2
681c jurong west central 1,1
682 choa chu kang crescent,2
682b jurong west central 1,1
683 edgedale plains,1
683a jurong west central 1,2
683c choa chu kang crescent,2
683c jurong west street 64,2
684a choa chu kang crescent,2
684b jurong west street 64,1
685a jurong west street 64,1
685b choa chu kang crescent,1
685b jurong west street 64,2
685c choa chu kang crescent,1
685c jurong west central 1,1
686a jurong west central 1,4
686b choa chu kang crescent,3
686d choa chu kang crescent,1
687 jurong west central 1,1
687b choa chu kang drive,1
687c choa chu kang drive,1
688a choa chu kang drive,4
688b choa chu kang drive,2
690a choa chu kang crescent,2
691a choa chu kang crescent,4
692b choa chu kang crescent,1
693 jurong west central 1,1
695 jurong west central 1,2
7 draycott drive,1
7 tanjong pagar plaza,1
7 upper aljunied lane,2
701 jurong west street 71,3
701 west coast road,3
702 jurong west street 71,1
702 west coast road,3
702 yishun avenue 5,1
703 choa chu kang street 53,1
703 west coast road,1
704 west coast road,4
705 yishun avenue 5,1
706 clementi west street 2,1
707 clementi west street 2,3
708 clementi west street 2,1
708 jurong west street 71,1
711 clementi west street 2,1
713 jurong west street 71,4
714 clementi west street 2,3
714 jurong west street 71,2
720 jurong west avenue 5,1
721 jurong west avenue 5,1
723 east coast road,3
726 jurong west avenue 5,1
728 jurong west avenue 5,1
729 clementi west street 2,1
731 clementi west street 2,2
732 jurong west street 73,1
735 jurong west street 75,1
739 jurong west street 73,1
73a redhill road,1
74a redhill road,3
753 choa chu kang north 5,3
754 choa chu kang north 5,6
755 yishun street 72,1
756 yishun street 72,1
757 choa chu kang north 5,1
758 choa chu kang north 5,5
759 choa chu kang north 5,3
75a grange road,6
75c redhill road,4
76 shenton,8
761 jurong west street 74,1
762 choa chu kang north 5,1
762 yishun street 72,1
763 yishun street 72,1
764 yishun street 72,2
766 choa chu kang north 5,1
766 yishun avenue 3,2
768 choa chu kang street 54,1
768 yishun avenue 3,2
76a redhill road,2
77 @ east coast,2
77 bedok north road,2
770 choa chu kang street 54,1
773 yishun avenue 3,3
774 yishun avenue 3,2
77a redhill road,8
78 yong siak street,1
784 choa chu kang drive,1
789 choa chu kang north 6,3
79 bedok north road,1
790 choa chu kang north 6,2
791 choa chu kang north 6,1
792 choa chu kang north 6,1
8 @ mount sophia,6
8 @ woodleigh,7
8 bassein,4
8 bedok south avenue 2,1
8 farrer suites,5
8 hullet,1
8 napier,1
8 orange grove,1
8 st thomas,4
8 tanjong pagar plaza,2
80 bedok north road,2
814 jurong west street 81,1
817 jurong west street 81,2
817 yishun street 81,3
82 bedok north road,1
820 yishun street 81,1
826 jurong west street 81,2
828 yishun street 81,2
829 tampines street 81,1
831 jurong west street 81,1
837 jurong west street 81,1
837 yishun street 81,1
838 jurong west street 81,1
839 yishun street 81,1
84 bedok north street 4,1
842 sims avenue,1
848 yishun street 81,1
85 circuit road,1
850 yishun street 81,1
851 jurong west street 81,2
851 yishun street 81,1
852 yishun street 81,1
854 yishun ring road,1
855 yishun ring road,1
858 yishun avenue 4,2
860 jurong west street 81,4
862 yishun avenue 4,1
863 yishun avenue 4,1
866 yishun street 81,1
87 circuit road,1
871 yishun street 81,2
872 yishun street 81,1
873 yishun street 81,1
877 yishun street 81,1
89 bedok north street 4,1
891 tampines avenue 8,1
893 tampines avenue 8,1
8m residences,3
9 eunos crescent,2
9 joo seng road,5
9 upper east coast road,1
90 bedok north street 4,1
902 jurong west street 91,1
903 jurong west street 91,1
906 jurong west street 91,3
910 jurong west street 91,2
911 jurong west street 91,1
912 jurong west street 91,1
913 jurong west street 91,2
92 pipit road,1
920 jurong west street 92,1
924 jurong west street 92,2
92a pipit road,2
93 paya lebar way,2
932 jurong west street 92,1
933 jurong west street 91,1
940 jurong west street 91,2
941 jurong west street 91,1
96 bedok north avenue 4,1
966 jurong west street 93,2
976 jurong west street 93,1
977 jurong west street 93,2
980 jurong west street 93,1
986b jurong west street 93,1
986c jurong west street 93,1
987a jurong west street 93,4
989a jurong west street 93,1
989b jurong west street 93,4
989c jurong west street 93,1
990b jurong west street 93,2
[emailÂ protected],37
a treasure trove,15
acacia breeze @ yishun,12
adam park condominium,1
adana @ thomson,2
adelphi park estate,3
admiralty flora,27
admiralty grove,31
admiralty place,2
adora green,18
adria,1
affinity at serangoon,28
ah hood gardens,6
airstream,2
airview park,4
alana,61
alba,3
alex residences,5
alexis,9
allamanda grove,1
altez,11
amaryllis ville,1
amber 45,3
amber park,156
amber sea,21
amber skye,9
amk central heights,3
amk heights,16
amo residence,119
anchorvale court,9
anchorvale cove,6
anchorvale gardens,8
anchorvale grove,6
anchorvale harvest,1
anchorvale horizon,8
anchorvale isles,2
anchorvale parkview,32
anchorvale place,11
anchorvale vista,14
ang mo kio 22,1
ang mo kio 31,9
ang mo kio 61,5
ang mo kio grove,2
ang mo kio view,1
angsana breeze @ yishun,24
angullia park residences @ orchard,4
ansar garden,8
apollo gardens,1
aquarius by the park,4
aquene,1
arc at tampines,9
archipelago,8
ardisia gardens,2
ardmore ii,1
ardmore park,2
arthur 118,1
artra,7
ascent @ 456,1
ascentia sky,1
ashley green,1
aspella,9
aspen heights,6
aspen linq,2
aston green,2
aston residence,3
astoria park,2
atlassia,49
atrina,3
austville residences,22
ava towers,1
avant residences,4
avenue south residence,153
avila terrace,2
azalea park condominium,2
balam gardens,8
ballota park condominium,2
balmoral gate,1
balmoral hills,2
balmoral plaza,1
ban guan park,6
banyan condominium,1
banyan park,2
banyan villas,15
barker 9,3
barker terraces,1
barker ville,2
barossa gardens,1
bartley residences,4
bartley ridge,5
bartley rise estate,2
bartley vue,151
bassein court,1
bayshore park,4
bayville condominium,1
baywind residences,23
beach road gardens,4
beacon heights,1
beaufort on nassim,4
beauty garden,4
bedok court,7
bedok gardens,1
bedok grove,1
bedok north green,6
bedok park,18
bedok pesari,2
bedok reservoir garden,12
bedok residences,10
bedok ria,5
bedok south parkview,5
bedok town centre,2
bedokville,5
beechwood terrace,1
belgravia ace,41
belgravia green,15
belgravia park,1
belgravia villas,9
belle vue residences,3
bellewaters,37
bellewoods,87
belvia,13
belysa,7
bena park,1
bencoolen house,1
bendemeer light,32
bendemeer ville,7
beng tong mansion,1
berkeley residences,1
bijou,7
bin tong park,3
binjai crest,2
binjai park,6
birmingham mansions,2
bishan green,20
bishan heights,18
bishan loft,1
bishan point,2
bishan spring,4
bishan view,13
bishopsgate residences,4
blair plain conservation area,19
blangah court,11
blangah garden,5
blangah view,11
bliss @ hillside drive,1
bliss @ kovan,2
bliss loft,1
bliss residences,1
blossom residences,27
blossoms by the park,7
blue horizon,2
blue riverview,21
bluwaters 2,2
boathouse residences,3
boon keng ville,7
boon lay court,1
boon lay fields,2
boon lay gardens,4
boon lay green,3
boon lay grove,2
boon lay meadow,5
boon lay place,11
boon lay view,25
boon lay vista,6
boon tiong arcadia,12
botanic @ cluny park,3
botanic gardens mansion,5
botanika,1
botanique at bartley,8
botannia,1
boulevard 88,38
boundary ville,2
bournemouth eight,1
braddell heights estate,28
braddell view,1
bras basah complex,5
breeze by the east,1
breezeways,4
brickworks estate,2
brighthill residences,3
brighton crest,2
brizay park,1
buangkok court,1
buangkok vale,1
buckley 18,1
buckley classique,2
bukit 828,1
bukit ho swee view,2
bukit loyang estate,9
bukit merah view,4
bukit panjang neighbourhood centre,1
bukit pasoh conservation area,1
bukit purmei ville,3
buona vista court,6
burgundy hill,11
burlington square,2
butterworth 8,1
cabana,18
cairnhill 16,61
cairnhill conservation area,2
cairnhill crest,4
cairnhill nine,5
cairnhill plaza,1
caldecott hill estate,10
camden park,1
canberra residences,3
canninghill piers / canninghill square,215
cantonment towers,11
cape royale,48
capitol park,63
cardiff residence,1
caribbean at keppel bay,14
carissa park condominium,3
carlyx green,1
casa aerata,1
casa al mare,2
casa cambio,6
casa clementi,22
casa fortuna,1
casa merah,2
casa pasir ris,3
casa rosa,2
casa sereno,1
casabella,6
casablanca,3
cascadale,1
cascata,1
cashew estate,2
cashew green,34
cashew heights condominium,2
cashew villas,10
caspian,2
cassia edge,1
casuarina cove,1
cathay gardens,1
cavan suites,3
cavenagh gardens,1
cavendish park,1
centennia suites,1
centra heights,1
centra loft,1
centra residence,1
central green condominium,1
central grove,1
central horizon,8
central meadows,1
central view,2
centrale 8 at tampines,7
centro residences,4
century woods,2
cerelia vista,2
ceylon court,3
ceylon residence,1
chai chee gardens,13
champions court,4
chancery grove,2
chancery hill villas,5
changi green,1
changi grove,3
changi heights,17
changi rise condominium,1
changi village,8
chantilly rise,3
charlton 18,2
charlton park,13
cheng san court,18
cheng san crest,11
cheng san green,5
cheng san place,9
cheng san view,11
cheng soon garden,5
chepstow ville,4
cherryhill,1
chester park,1
chestervale,2
chestnut gardens,3
chiltern park,2
chin swee view,8
chip bee gardens,40
chip hock gardens,9
chong boon centre,3
chong boon heights,2
chong boon rise,8
chong boon view,4
chong pang city,2
chong pang garden,1
chong pang green,14
chong pang vale,4
chong pang view,5
chuan garden,2
chuan green,4
chuan village,7
chuan villas,6
chuan vista,1
chun tin court,1
chwee chian view,3
city gate,6
city square residences,4
city suites,2
city view @ boon keng,3
city view @ cheng san,13
city vue @henderson,6
citylife @ tampines,15
citylights,6
cityscape @ farrer park,5
cityvista residences,4
clarence ville,3
clavon,12
clementi avenue 2 shopping centre,4
clementi cascadia,2
clementi heights,6
clementi meadows,7
clementi park,41
clementi ridges,12
clementiwoods condominium,2
cliveden at grange,13
clover by the park,2
clover park,1
cluny park residence,2
coastal breeze residences,1
coastal view residences,3
coastline residences,28
coco palms,1
comfort garden,1
commonwealth 10,7
commonwealth 16,4
commonwealth towers,17
commonwealth view,13
compass heights,2
compassvale ancilla,4
compassvale arcadia,7
compassvale beacon,21
compassvale boardwalk,4
compassvale cape,15
compassvale court,4
compassvale crest,1
compassvale gardens,9
compassvale green,11
compassvale haven,3
compassvale helm,3
compassvale lodge,18
compassvale mast,3
compassvale north gate,11
compassvale pearl,3
compassvale place,2
compassvale plains,7
compassvale south gate,8
compassvale view,4
compassvale vista,4
concourse skyline,19
copen grand,46
coral island,11
coral park,9
coral spring,1
coral vale,14
coralinus,4
corals at keppel bay,28
corporation spring,5
costa del sol,8
costa este,1
costa rhu,1
costa ris,7
cote d'azur,1
country park condominium,1
countryview,1
craig place,1
crawford court,4
crescendo building,2
crescent view,6
cube 8,4
cuscaden reserve,17
cyan,9
d' manor,1
d'casita,2
d'chateau @ shelford,1
d'dalvey,2
d'evelyn,2
d'grove villas,2
d'ixoras,1
d'leedon,22
d'manor,2
d'mira,1
d'nest,3
d'oasia,1
d'saville,1
dahlia park condominium,7
daintree residence,1
dairy farm residences,13
daisy park,3
daisy suites,2
dakota residences,3
dalla vale,2
dalvey court,1
dalvey haus,16
damai grove,9
de casalle,1
de royale,1
dedap gardens,2
depot heights,26
derbyshire heights,1
devonshire 12,1
devonshire residences,3
dew spring @ yishun,3
di tanjong rhu,13
dorsett residences,4
double bay residences,2
dover court,2
dover gardens,8
dover heights,3
dover parkview,2
dover ville,12
draycott 8,12
dublin lodge,1
duchess crest,2
duchess garden,6
duet,3
duke's garden,2
dunearn 386,13
dunearn estate,41
dunman garden,3
dunman regency,1
dunman view,1
duo residences / duo tower,14
e maison,6
ealine park,4
east coast hill,14
east coast park,1
east coast residences,2
east coast terrace,1
east elegance,1
east meadows,5
east payoh palm,5
east payoh spring,15
east view,1
east view garden,9
east village,2
eastbank @ canberra,13
eastbrook @ canberra,27
eastcrown @ canberra,34
eastdale,8
eastlace @ canberra,32
eastlawn @ canberra,25
eastpoint green,4
eastvale,2
eastwave @ canberra,19
eastwood regency,5
eaton park,2
echelon,11
eco,19
ecopolitan,28
edelweiss park condominium,11
eden park,7
eden residences capitol,17
edenz suites,1
edgedale green,3
eight courtyards,3
eight riversuites,10
eis residences,1
eleven @ holland,13
elias green,1
elias parks estate,13
elias view,7
elite residences,1
elizabeth towers,2
emerald garden,2
emerald hill conservation area,15
emerald park,1
enchante,38
eng aun park,25
eng kong park,8
english villas,4
eon shenton,7
escada view,2
espada,7
esparina residences,21
espira suites,1
este villa,4
estella gardens,1
estilo,1
estrivillas,2
euhabitat,3
eunos court,6
eunos crescent view,5
eunos damai ville,9
eunos grove,4
eunos heights,8
eunos rainbow,9
eunos spring,18
eunos tenaga ville,2
eunos vista,4
euphony gardens,2
euro-asia court,1
evania,2
evergreen park,1
everton park,5
ewart park,1
ewe boon regent,1
faber crest,1
faber hills,7
fajar hills,7
fame court,3
farrer gardens,13
farrer park gardens,7
farrer park view,11
fengshan estate,2
fern grove @ yishun,11
fern spring,3
fern view,6
fernhill cottage,3
fernvale court,2
fernvale crest,6
fernvale flora,6
fernvale foliage,8
fernvale gardens,1
fernvale grove,6
fernvale lea,6
fernvale lodge,1
fernvale palms,2
fernvale residence,9
fernvale ridge,4
fernvale riverbow,10
fernvale rivergrove,30
fernvale riverwalk,22
fernvale vista,4
fernvale woods,1
fernwood towers,5
ferraria park condominium,2
fidelio residence,2
fifty-two stevens,5
figaro gardens,1
five chancery,3
flamingo valley,9
flo residence,6
floral spring @ yishun,2
floraview,4
floraville,5
florence gardens,2
florida park,1
floridian,2
florissa park,1
fontaine parry,1
foresque residences,4
forest woods,6
forestville,32
forett @ bukit timah,208
forfar heights,21
forte suites,4
fortuna gardens,11
fourth avenue residences,133
fragrant woods,12
frankel estate,143
fudu park,1
fulcrum,3
fulton hill,4
fuyong estate,5
fyve derbyshire,17
gallop park,4
gallop villas,8
gambir ridge,2
garden hill,12
garden view estate,1
gardenvista,2
gek poh ville,4
gem residences,11
gemini apartments,1
gentle reflections,3
gentle villas,3
gerald mugliston estate,19
geylang bahru riverpoint,8
geylang bahru ville,5
geylang conservation area,1
geylang east,16
geylang east grove,18
ghim moh,20
ghim moh edge,85
ghim moh green,14
ghim moh valley,17
gilstead two,6
glasgow residence,1
glendale park,1
gold coast condominium,1
golden beach vista,3
golden chuan ville,1
golden hill estate,7
golden rise estate,4
goldenhill park condominium,2
goldhill garden,4
goldhill shopping centre,1
goldhill towers,1
gombak gardens,7
gombak place,1
gombak view,8
goodlink park,2
goodman crest,3
goodview gardens,21
goodwood gardens,1
goodwood grand,3
goodwood residence,2
grace garden,1
grace park,13
gramercy park,3
grandeur 8,2
grandeur park residences,6
grandioso 8,2
grandview suites,4
grange 1866,26
grange infinite,7
grange residences,1
green court,2
green hill estate,1
greenbank park,8
greenridge,2
greentops @ sims place,1
greenwood mews,32
greenwood villas,3
guilin breeze,8
guilin view,5
guillemard edge,2
guillemard suites,4
h2o residences,3
hai sing park,2
haig 162,3
haig court,1
haig ten,1
haig view,16
haig vista,14
haigsville,1
hallmark residences,1
hana,1
happy estate,1
happy mansion,1
harbourlights,1
harmony view,2
harvey view,18
haus @ serangoon garden,4
haus on handy,172
havelock heights,2
havelock view,20
hazel park condominium,3
hazel park terrace,2
hdb-ang mo kio,66
hdb-boon lay,2
hdb-bukit batok,123
hdb-bukit merah,103
hdb-hougang,223
hdb-jurong east,112
hdb-kallang/whampoa,69
hdb-kangkar,1
hdb-macpherson,18
hdb-pasir ris,228
hdb-potong pasir,34
hdb-queenstown,113
hdb-sengkang,17
hdb-serangoon estate,66
hdb-toa payoh,57
hdb-woodlands,395
hedges park condominium,16
heeton park,9
heji gardens,1
helios residences,3
henley gardens,2
heritage view,2
heron bay,5
hertford collection,1
high park residences,5
highgate,1
highgate park,1
highland residences,2
highline residences,11
hilbre 28,4
hillbrooks,1
hillcrest arcadia,2
hillcrest park,68
hillcrest villa,8
hillgrove gardens,14
hillington green,1
hillion residences / hillion mall,10
hillodge,1
hills twoone,1
hillsta,5
hilltop grove,2
hilltops,4
hillview estate,1
hillview garden estate,29
hillview regency,3
hillview residence,1
hillview villas,3
hock seng park,4
hock swee hill,3
holland green,2
holland grove,10
holland grove park,6
holland hill lodge,1
holland residences,1
holland road shopping centre,3
holland village,2
holland vista,12
hong heng garden,1
hong kah court,6
hong kah east garden,2
hong kah east place,3
hong kah green,3
hong kah point,6
hong kah ville,3
hong kong park,46
hong leong garden,7
hoover park,7
horizon gardens,2
horizon green,3
horizon residences,2
horizon towers,1
hougang capeview,13
hougang crimson,3
hougang dewcourt,3
hougang heights,1
hougang meadow,13
hougang parkedge,8
hougang parkview,6
hougang spring,6
hougang view,3
hua guan gardens,2
huit,1
hundred palms residences,1
hundred trees,2
hwi yoh court,6
hwi yoh ville,2
hyll on holland,381
icon,29
icon @ pasir panjang,2
ikigai,29
illoura,1
illuminaire on devonshire,1
imperial heights,1
indus garden,1
infinium,3
inggu road bungalows,1
international plaza,6
iridium,3
island country villas,1
isuites @ palm,1
isuites @ tani,2
ivory heights,3
j gateway,10
jade spring @ yishun,6
jadescape,10
jalan anak bukit,1
jalan kayu estate,39
jardin,1
jervois prive,33
jervois regency,1
jervois treasures,9
jervoisville,3
jewel @ buangkok,1
jin ding garden,2
jlb residences,2
joo seng green,1
joo seng heights,1
jool suites,1
juluca,1
juniper hill,88
jurong east court,2
jurong east view,8
jurong east ville,13
jurong park,1
jurong west blossom,10
jurongville @ avenue 1,2
jurongville @ street 41,4
kaki bukit green,5
kaki bukit ville,9
kallang airport,30
kallang basin,1
kallang heights,18
kallang riverside,11
kallang trivista,7
kampong ubi greenville,2
kampong ubi view,16
kampung ubi estate,17
kandis residence,2
kap residences,7
kasara,23
keat hong axis,23
keat hong colours,12
keat hong crest,33
keat hong mirage,11
keat hong pride,22
keat hong quad,7
kebun baru court,11
kebun baru heights,6
kebun baru link 1,8
kebun baru link 2,5
kebun baru palm view,4
kebun baru view,1
kelantan court,4
kelly villas,1
kembangan court,1
kembangan estate,34
kembangan villas,1
kensington square,8
kent residences,2
kent ridge hill residences,13
kent ville,2
kentish court,1
kerrisdale,2
kew gate,4
kew green,2
kew residencia,5
kew vale,2
khatib court,1
khatib gardens,7
khatib spring,8
khatib vale,8
ki residences at brookvale,134
kilburn estate,1
kim keat court,1
kim keat house,1
kim keat palm,2
kim keat view,5
kim lin park,19
kim tian 119,7
kim tian green,9
kim tian vista,10
kimnan park,4
kimsia court,1
kimsia park,10
king albert park,3
king's 8,2
king's garden,1
kingsford . hillview peak,12
kingsford waterbay,46
kingsville,2
kismis residences,4
klimt cairnhill,78
kopar at newton,265
kovan city,3
kovan garden,1
kovan grandeur,2
kovan green,1
kovan jewel,27
kovan melody,4
kovan regency,5
kovan residences,2
kovana,3
l'viv,1
la belle,1
la brisa,2
la casa,10
la crystal,1
la fiesta,7
la fleur,1
la suisse,3
la vida @ 130,1
ladyhill park,6
lagoon view,1
laguna green,2
laguna park,3
lake grande,6
lake life,40
lake vista @ yuan ching,10
lakepoint condominium,2
lakeside grove,2
lakeview,3
lakeville,7
langston ville,4
latitude,1
laurel tree,16
lavender gardens,7
laverne's loft,2
le hill condominium,1
le nouvel ardmore,1
le quest,7
le regal,4
le shantier,1
le somme,3
leedon green,419
leedon residence,3
legenda @ joo chiat,1
leighwoods,1
lengkok bahru heights,13
lentor modern,228
lentor view,3
lentor villas,4
leonie suites,1
leonie towers,2
les maisons nassim,4
leville isuites,1
lew lian gardens,1
liang seah court,1
liberte,2
lighthouse,3
lilac park,2
lilydale,2
limau park,1
limbang green,1
limbang meadows,1
lincoln suites,4
linear green @ bedok,2
liria terrace,1
liv @ mb,210
liv on sophia,1
livia,4
lloyd sixtyfive,19
loft 33,1
loft @ holland,1
loft @ nathan,7
loft @ stevens,4
longvale,20
lornie 18,1
lotus ville,1
loyang court,2
loyang townhouses,1
loyang valley,2
loyang villas,20
lucida,3
lucky hill,2
lucky park,3
lucky plaza,1
lumiere,5
lush acres,15
lutheran towers,1
luxus hills,11
m suites,1
m5,6
m66,2
mackenzie 138,2
mackenzie 88,22
macpherson garden,13
macpherson garden estate,6
macpherson residency,9
madison residences,1
malaysia park,2
mandai garden,4
mandarin gardens,6
mandarin park,3
manhattan mansions,1
manila gardens,1
maplewoods,2
margaret ville,9
marina bay residences,22
marina bay suites,11
marina collection,13
marina one residences,69
marine blue,1
marine crescent gardens,11
marine crescent ville,27
marine drive gardens,17
marine drive view,4
marine garden,8
marine terrace breeze,15
marine terrace haven,4
marine terrace walk,17
marlene ville,1
marsiling admiralty park,19
marsiling green,3
marsiling heights,2
marsiling sapphire,13
martin modern,17
martin no 38,5
matilda court,7
matilda edge,15
matilda portico,9
matlock residences,1
mayfair gardens,49
mayfair modern,66
mayfair park,1
mayflower gardens,9
maysprings,2
mcmahon park,26
mcnair spring,5
mcnair towers,16
meadows @ peirce,2
medge,1
mei ling heights,4
mei ling vista,4
melville park,6
membina 118,6
membina court,11
mera gardens,26
mera terrace,1
merah heights,2
metro loft,1
meyer mansion,238
meyerhouse,53
mi casa,2
michaels' residences,4
midtown bay,65
midtown modern,187
midtown residences,5
midwood,10
mill creek,1
mill point,2
millage,1
mimosa terrace,3
mimosa villas,1
minbu court,4
ming park,6
ming teck park,16
mint residences @ jansen,1
mirage tower,1
miro,4
mistral park,4
moda,1
modena,3
mon jervois,10
mont botanik residence,2
mont timah,2
montebleu,1
monterey park condominium,2
montreal dale,1
montreal spring,33
montreal ville,8
montrose terrace,1
mooi residences,41
mori,133
moulmein view,1
mount faber green,3
mount faber view,14
mount rosie villas,2
mount sinai,4
mount sophia suites,1
mountbatten suites,1
mt sinai residences,1
mugliston hill,2
mulberry tree,2
my manhattan,6
myra,86
namly court,1
nanyang emerald,6
nanyang park,3
nassim 9,2
nassim mansion,1
nathan suites,3
natura @ hillview,3
natura loft,15
nature mansions,1
nature view,5
nee soon central green,1
nee soon central meadows,9
nee soon central spring,6
nee soon central view,12
nee soon central vista,7
neem tree,5
neptune court,6
ness,8
neu at novena,37
new futura,1
newest,4
newton edge,3
newton suites,1
nim collection,9
nin residence,1
nine residences,7
nineteen shelford road,2
nomu,2
normanton park,47
north gaia,341
north park residences,11
northoaks,4
northwave,1
nottinghill suites,2
nouvel 18,43
nouvelle park,2
novelis,1
novena court,4
novena lodge,1
novena regency,3
nuovo,1
nv residences,2
nyon,12
oasis @ elias,2
oasis @ mulberry,4
ocean 8,6
oceanfront suites,1
odeon seaside park,1
oei tiong ham park,2
okio,3
ola,19
oleanas residence,27
oleander breeze @ yishun,11
oleander towers,2
onan terrace,2
one amber,1
one balmoral,2
one bernam,185
one chatsworth,3
one devonshire,1
one draycott,28
one duchess,2
one dusun residences,5
one eighties residences,4
one fort,1
one holland village residences / one holland village,126
one jervois,3
one meyer,12
one north residences,7
one oxley rise,3
one pearl bank,258
one rosyth,2
one shenton,15
one surin,1
one tree hill collection,3
one-north eden,2
opal suites,2
opera estate,49
optima @ tanah merah,4
orange grove residences,1
orchard court,1
orchard scotts,2
orchard towers,1
orchard view,3
orchid spring @ yishun,12
orchid village,41
oue twin peaks,10
oxley edge,1
palacio,1
palm breeze @ yishun,12
palm gardens,1
palm grove terrace,3
palm isles,3
palm vista,1
palmera east,2
palms @ sixth avenue,20
palmville terrace,1
pandan valley,4
pangshan valley,8
panshan grove,11
panshan view,7
paradise island,9
paradise palms,3
parc botannia,10
parc canberra,11
parc centennial,3
parc central residences,12
parc centros,2
parc clematis,144
parc elegance,1
parc emily,3
parc esta,38
parc greenwich,47
parc haven,1
parc imperial,4
parc komo / komo shoppes,39
parc life,11
parc lumiere,5
parc oasis,2
parc olympia,1
parc palais,1
parc riviera,15
parc rosewood,8
parc somme,1
parc sophia,3
parc vera,2
park central @ amk,4
park colonial,32
park green,5
park grove @ yishun,17
park infinia @ wee nam,3
park nova,58
park place residences at plq,8
park residences kovan,3
park villas,2
parkland residences,16
parkshore,1
parksuites,33
parkview apartments,1
parkview eclat,7
parkwood collection,122
parkwood residences,23
parry green,2
parry park,2
parryville,3
parvis,3
pasir panjang gardens,6
pasir ris 8 / pasir ris mall,68
pasir ris beach park,118
pasir ris one,10
pasir view park,1
paterson garden,4
paterson residence,2
paterson suites,4
pavilion 11,1
pavilion park,18
pavilion square,2
paya lebar gardens,11
peach garden,1
peak residence,140
peakview estate,3
pearl garden,2
pearl island,24
pebble bay,2
peirce view,1
peirce villas,1
penrose,3
people's garden,8
people's park centre,2
people's park complex,1
perfect ten,197
petit jervois,4
phillips residence,1
phoenix residences,52
picardy gardens,7
piccadilly grand / piccadilly galleria,199
piermont grand,17
pine green,2
pine grove,3
pinevale,6
pinewood terrace,2
ping yi gardens,6
ping yi greens,11
ping-an gardens,6
poh huat gardens,2
pollen & bleu,6
pollen collection,4
ponggol park,9
poshgrove east,1
president gardens,2
presidio,1
prestige heights,3
prestige point,1
prime residence,1
primo residences,2
princess of wales park,16
princeton vale,1
principal garden,12
prive,16
provence residence,22
pullman residences newton,172
punggol arcadia,7
punggol breeze,12
punggol crest,3
punggol edge,8
punggol emerald,6
punggol grove,7
punggol lodge,3
punggol opal,4
punggol parcvista,10
punggol regalia,1
punggol residences,11
punggol sails,3
punggol sapphire,21
punggol spectra,4
punggol spring,3
punggol topaz,15
punggol vista,3
punggol vue,9
punggol waves,5
q bay residences,2
queen astrid park,2
queens,3
queens peak,11
race course road/owen road conservation area,1
raffles park,29
rainbow ville,5
rajah court,10
rangoon 88,2
rangoon apartments,2
raya garden,1
redhill rise,4
reflections at keppel bay,66
regent grove,1
regent heights,2
regent park,1
regent residences,5
regentville,2
regis mansions,1
reignwood hamilton scotts,17
reservoir rise,1
reservoir view,2
reservoir village,1
residence 8,1
residences @ 338a,1
residences @ evelyn,2
residences @ killiney,1
residences @ limau,1
residences botanique,1
rezi 26,2
rezi 35,1
rezi 3two,1
rhapsody on mount elizabeth,3
rich mansions,1
rich residence,2
richmond ville,1
ridgevale gardens,1
rio vista,2
ripple bay,2
ris grandeur,1
ritz @ farrer,6
river isles,1
river place,11
riverbank @ fernvale,5
riverbay,5
riveredge,2
riverfront residences,39
rivergate,4
riverparc residence,10
riversails,2
riversound residence,5
rivertrees residences,2
rivervale arc,8
rivervale bank,5
rivervale court,8
rivervale crest,4
rivervale delta,9
rivervale edge,1
rivervale gardens,3
rivervale gateway,18
rivervale green,3
rivervale grove,6
rivervale haven,6
rivervale place,6
rivervale plains,13
rivervale view,12
riviere,374
riz haven,1
robertson 100,2
robertson blue,1
robertson edge,4
robin residences,21
robin suites,3
robinson suites,2
rochelle at newton,6
rosewood,4
rosewood suites,3
rosie view,4
rosyth terrace,2
rowell court,11
royal hallmark,43
royalgreen,88
royce residences,1
rumah tinggi view,4
rv altitude,3
rv edge,1
rv point / rv point,2
rv residences,2
rv suites,2
rymden 77,14
sage,1
saint george's east gardens,2
sanctuary @ 813,1
sanctuary green,2
sandy island,6
sanford park,1
sant ritz,5
saraca breeze @ yishun,14
saraca gardens,1
saraca villas,2
sarina park,1
savannah condopark,2
savoy park,2
sceneca residence / sceneca square,21
scotts highpark,1
scotts square,17
sculptura ardmore,3
sea breeze terrace,1
sea esta,1
sea horizon,17
sea view park,1
seahill,15
seascape,33
seaside park,1
seaside residences,8
seasons park,2
seastrand,4
seasuites,2
segar gardens,25
segar grove,2
segar meadows,4
segar palmview,7
segar vale,11
selegie house,6
seletar hills estate,36
seletar park residence,5
seletar springs condominium,1
seletar view,1
sembawang cottage,2
sembawang green,11
sembawang hills estate,56
sembawang park,15
sembawang riverlodge,5
sembawang springs estate,18
sembawang square estate,1
sembawang straits estate,2
sembawang villas,4
seng yong villas,5
sengkang grand residences,32
senja gateway,11
senja green,3
senja parc view,4
sennett estate,27
sennett residence,9
sentosa cove,117
serangoon garden estate,147
serangoon park,5
seraya residences,1
serene park,1
serenity park,2
serenity terrace,3
seven holt road,1
seven oaks,1
seven palms sentosa cove,5
seventy st patrick's,2
shamrock park,15
shanghai one,1
shangri-la park,4
shepherd's hill estate,4
shunfu gardens,18
siew lim park,7
siglap east,6
siglap lucky valley,9
signature @ lewis,1
signature at yishun,53
signature park,3
silahis apartments,2
silversea,7
simei green condominium,2
sims edge,1
sims urban oasis,12
sims vista,6
sin chuan garden,1
sin ming court,14
sin ming garden,3
sin ming plaza,1
singa hills,2
sixteen35 residences,4
sixth avenue ville,1
skies miltonia,11
sky @ eleven,2
sky [emailÂ protected],178
sky everton,35
sky green,2
sky habitat,6
sky vue,10
skyline 360 @ saint thomas walk,1
skyline @ orchard boulevard,10
skyline i @ bukit batok,14
skyline ii @ bukit batok,44
skyline residences,3
skypark,1
skypark residences,36
skypeak @ bukit batok,27
skyresidence @ dawson,1
skysuites 17,2
skysuites @ anson,13
skyterrace @ dawson,16
skyville @ dawson,14
sloane residences,99
smart suites,1
soho 188,1
sol acres,7
soleil @ sinaran,4
sommerville park,4
soo chow garden,3
sophia hills,15
sophia residence,13
south beach residences,6
southbank,1
sovereign @ simon,2
space @ kovan,1
spazio @ kovan,2
spottiswoode 18,8
spottiswoode park,4
spottiswoode residences,7
spottiswoode suites,3
spring grove,2
spring haven @ jurong,7
spring park estate,1
spring residences,4
spring view,14
spring waters villas,1
springdew terrace,6
springhill,8
springleaf garden,17
springleaf green,1
springwood,3
sri geylang serai,6
sri menanti estate,1
st anne's wood,3
st francis court,2
st nicholas view,7
st. martin residence,1
st. michael's condominium,1
st. regis residences singapore,16
starlight suites,3
stars of kovan,5
stellar rv,4
stevens suites,1
stirling residences,27
stirling rise,4
stirling view,9
straits gardens,4
straits mansions,1
straits residences,1
straits vista @ marsiling,3
strata,3
stratford court,1
strathmore green,3
stratum,2
studio 3,2
studios @ marne,1
sturdee residences,9
suffolk premier,1
suites 28,2
suites @ braddell,1
suites @ changi,1
suites @ eastcoast,5
suites @ eunos,2
suites @ guillemard,1
suites @ katong,1
suites @ owen,1
suites @ paya lebar,2
suites @ topaz,1
suites at orchard,2
suites de laurel,2
suites twenty-two,1
summer gardens,1
summer scent,1
summerdale,1
summerlea green,1
summit ville,1
sun bliss,18
sun natura,2
sun plaza gardens,10
sun plaza green,1
sun plaza view,8
sun trellis,2
sunbird park,7
sunflower court,1
sungrove,4
sunhaven,2
sunny parc,1
sunny terrace,1
sunrise villa,3
sunset way residence,9
sunshine gardens,10
sunshine grandeur,2
sunshine lodge,2
sunshine plaza,2
sunstone hill,4
sunville,1
swiss club park,4
symphony suites,6
tai hwan garden,14
tai hwan park,3
tai keng gardens,8
tai keng villas,4
tai peng gardens,2
tampines arcadia,14
tampines courtview,6
tampines green vale,3
tampines greenforest,5
tampines greenlace,14
tampines greenleaf,9
tampines grove,9
tampines heart,1
tampines palmspring,12
tampines palmsville,9
tampines palmwalk,6
tampines parkview,10
tampines polyview,10
tampines ria,2
tampines spring,3
tampines starlight,5
tampines sunrise,4
tampines ville,21
tampines vista,9
tan tong meng tower,1
tanah merah green,3
tanah merah mansions,1
tanamera crest,1
tanglin park,2
tanglin regency,3
tanglin residences,3
tanglin view,1
tanjong pagar plaza,1
teacher's housing estate,3
teban gardens,1
teban place,3
teban view,7
teban vista,11
teck chye gardens,1
teck ghee evergreen,8
teck ghee grandeur,4
teck ghee heartlands,4
teck ghee horizon,2
teck ghee parkview,38
teck ghee view,14
teck ghee vista,17
teck hiang gardens,1
teck whye crest,4
teck whye heights i,8
teck whye heights ii,4
teck whye heights iii,1
tedge,1
telok blangah parcview,16
telok blangah ridgeview,8
telok blangah towers,2
tembeling villas,1
ten @ suffolk,1
tenet,3
tenteram peak,28
teresa villas,1
teresa ville,1
terra hill,1
terrasse,4
terrene at bukit timah,2
textile centre,1
the abode at devonshire,1
the alcove,1
the alps residences,6
the ambrosia,3
the amore,23
the amston,2
the anchorage,1
the antares,1
the arc at draycott,1
the arcadia,3
the arden,60
the aristo @ amber,3
the arris,2
the arte,2
the asana,3
the atelier,97
the atria at meyer,1
the avenir,299
the axis,1
the azure,3
the bayshore,10
the beo crescent,9
the berth by the cove,5
the berthside,5
the beverly,1
the boutiq,2
the brownstone,23
the canopy,6
the cape,4
the carpmaelina,1
the carrara,177
the cascadia,4
the centris,4
the citron residences,1
the claymore,1
the clearwater,1
the clement canopy,5
the clift,18
the clover @ kebun baru,1
the coast at sentosa cove,15
the commodore,80
the compass at chancery,3
the concourse,1
the coris,6
the cornwall,2
the countryside,1
the creek @ bukit,5
the crest,9
the cristallo,1
the criterion,3
the dew,1
the ebony,1
the eden at tampines,1
the edge on cairnhill,1
the element @ stevens,1
the elysia,1
the esparis,1
the estuary,2
the fernhill,1
the floravale,22
the florence residences,50
the florentine,1
the florida,4
the ford @ holland,3
the foresta @ mount faber,7
the gale,3
the garden residences,6
the gardens at bishan,7
the gazania,396
the geranium,1
the glades,7
the glencaird residences,6
the green collection,2
the greenwich,8
the greenwood,6
the hermitage,2
the hillier,6
the hilloft,2
the hyde,100
the infiniti,1
the inflora,9
the inglewood,7
the inspira,4
the interlace,10
the interweave,5
the iveria,6
the jovell,2
the ladyhill,1
the lakefront residences,5
the lakeshore,1
the lanai,3
the landmark,145
the laurels,7
the legend,1
the levelz,1
the lilium,104
the lincoln modern,2
the line @ tanjong rhu,32
the linear,1
the lumos,16
the luxurie,3
the m,104
the madeira,1
the marq on paterson hill,3
the mayfair,1
the maylea,2
the meadows,8
the mercury,1
the merlot,2
the metropolitan condominium,2
the meyerise,2
the mezzo,1
the miltonia residences,2
the minton,9
the montana,1
the morning glory,1
the mornington,1
the morris residences,1
the nautical,3
the nautilus @ punggol,2
the navian,7
the nexus,1
the oceanfront @ sentosa cove,27
the odeon katong,1
the oliv,9
the orchard residences,8
the orient,1
the palette,3
the panorama,5
the parc condominium,3
the park vale,2
the paterson,1
the peak,1
the peak @ balmeg,5
the peak @ cairnhill i,4
the peak @ cairnhill ii,5
the peak @ toa payoh,16
the pearl @ mt faber,1
the periwinkle,5
the petals,1
the pinnacle @ duxton,25
the poiz residences,10
the premiere @ tampines,5
the promenade @ pelikat,3
the quartz,1
the quinn,2
the quintet,1
the rainforest,9
the reef at king's dock,114
the residences at w singapore sentosa cove,2
the richmond,1
the rise @ oxley,2
"the ritz-carlton residences singapore, cairnhill",12
the river vista @ kallang,8
the riverina,7
the riverine by the park,2
the riverwalk,1
the rochester residences,9
the sail @ marina bay,58
the sanctuary @ geylang,1
the santorini,6
the scala,6
the scotts tower,5
the seafront on meyer,1
the seawind,16
the shaughnessy,18
the shore residences,2
the silva gardens,1
the sixth avenue residences,2
the skywoods,6
the sorrento,3
the sound,1
the sovereign,1
the spectrum,1
the springbloom,1
the springfield,3
the springside,4
the suites @ central,1
the sundial,2
the sunny spring,1
the sunnydale,1
the taipan,2
the tampines trilliant,9
the tapestry,11
the tembusu,1
the teneriffe,6
the tennery,5
the terrace,44
the tessarina,1
the tier,1
the tomlinson,1
the top residence,2
the topiary,37
the tre ver,12
the trevose,1
the trilinq,12
the trillium,1
the tropica,6
the urbanite,1
the vales,57
the venue residences,17
the verandah @ matilda,11
the verandah residences,4
the vermont on cairnhill,6
the verve,3
the vesta,1
the villas @ sentosa cove,8
the viridian,1
the vision,5
the visionaire,1
the vue,2
the warren,1
the water edge,1
the watergardens at canberra,145
the waterina,2
the waterline,1
the waterside,4
the wharf residence,2
the whitley residences,10
the windermere,11
the wisteria / wisteria mall,7
the woodgrove,1
the woodleigh residences / the woodleigh mall,34
the woods,3
thomson 800,1
thomson garden estate,9
thomson grand,7
thomson hills estate,18
thomson impressions,3
thomson ridge,3
thomson three,4
thomson v one,1
thomson v two,3
three balmoral,2
tiara,2
tierra vue,1
tiong bahru estate,13
tiong bahru orchid,3
tiong bahru view,7
tivela,2
toa payoh apex,1
toa payoh central,10
toa payoh court,11
toa payoh crest,47
toa payoh eight,15
toa payoh green,10
toa payoh north,17
toa payoh palm spring,13
toa payoh sapphire,5
toa payoh spring,5
toa payoh towers,5
toa payoh view,16
toa payoh vista,24
toh estate,103
toh guan view,20
toh tuck garden,1
toh yi gardens,18
torieview mansions,1
towner heights,2
townhouse apartments,2
tre residences,12
treasure at tampines,28
treasure crest,6
tree house,1
trellis towers,1
tresalveo,1
trevista,5
trevose park,1
tribeca,3
trilight,1
trilive,8
trivelis,22
tropika east,3
tuan sing park,5
tudor view,1
turquoise,18
twin fountains,3
twin vew,4
twin waterfalls,18
tyrwhitt 139,2
ue square,2
unique garden,11
united mansions,3
university park,5
up @ robertson quay,16
upper boon keng riverview,2
uptown @ farrer,1
urban heritage,1
urban lofts,1
urban residences,1
urban suites,2
urban treasures,54
urban vista,13
urbana,1
v on shenton,30
va residences,1
vacanza @ east,13
valley park,2
valvista,1
van holland,75
varsity park condominium,3
ventuno balmoral,1
ventura heights,5
ventura view,2
verdale,10
verdana villas,4
verticus,62
vetro,1
vibes @ east coast,3
vibes @ kovan,1
vibes @ upper serangoon,3
victoria park villas,5
vida,3
view at kismis,3
viio @ balestier,4
villa azura,1
villa begonia,1
villa delle rose,1
villa marina,1
villa martia,1
villa verde,4
village @ pasir panjang,1
villas @ gilstead,2
villas laguna,1
vine grove @ yishun,5
visioncrest,2
vista 18,2
vista 8,5
vista residences,1
vista spring @ yishun,3
viva vista,3
vivace,1
viz at holland,2
vue 8 residence,7
wallich residence,43
washington villa,1
water place,1
waterbank at dakota,5
waterbay,4
watercolours,7
watercove,6
waterford residence,6
waterfront @ faber,2
waterfront gold,2
waterfront isle,2
waterfront key,1
waterfront waves,1
waterloo centre,5
watermark robertson quay,1
waterscape at cavenagh,7
watertown,17
waterview,10
waterway banks,14
waterway brooks,22
waterway cascadia,16
waterway ridges,6
waterway sunbeam,13
waterway sundew,7
waterway sunray,3
waterway terraces i,23
waterway terraces ii,6
waterway view,33
waterway woodcress,8
waterwoods,10
watten estate,46
watten estate condominium,1
watten hill,2
wellington park,4
wellington view,1
wenya,23
west bay condominium,1
west coast gardens,5
west coast vista,3
west crest @ bukit batok,12
west ridges @ bukit batok,7
west shore residences,5
west terra @ bukit batok,2
west valley @ bukit batok,3
westcove condominium,4
westlake gardens,12
westville,7
westwood court,2
westwood park,1
westwood residences,7
whampoa court,4
whampoa dew,47
whampoa gardens,20
whampoa spring,11
whampoa view,8
whampoa vista,2
whistler grand,2
white house residences,6
whitehaven,5
whitewater,21
whitley villas,2
whitleyville,2
wilkinson 8,1
wilshire residences,111
windsor park,3
wing fong mansions,1
woodgrove condominium,1
woodgrove estate,3
woodhaven,3
woodlands dew,9
woodlands glen,62
woodlands meadow,5
woodlands pasture i,48
woodlands pasture ii,24
woodlands vista,5
woodsvale,3
woodsville 28,1
woodview villas,2
yew lian park,2
yew mei green,11
yio chu kang green,17
yio chu kang grove,4
yio chu kang heights,9
yio chu kang terrace,5
yio chu kang view,4
yio chu kang ville,9
yishun emerald,3
yishun gardens,9
yishun glory,4
yishun greenwalk,11
yishun riverwalk,17
yishun sapphire,2
yishun sunshine,7
yong an park,2
yong seng estate,2
yong siak court,1
yuhua village,1
yung ho spring i,1
yung kuang court,7
yunnan gardens,10
zedge,1
zenith,3
zhujiao centre (tekka market),3
zyanya,77
